<?xml version="1.0" encoding="UTF-8"?>
<project-private xmlns="http://www.netbeans.org/ns/project-private/1">
    <editor-bookmarks xmlns="http://www.netbeans.org/ns/editor-bookmarks/2" lastBookmarkId="0"/>
    <open-files xmlns="http://www.netbeans.org/ns/projectui-open-files/2">
        <group>
            <file>file:/C:/Users/Zaid%20Alsafi/Documents/GitHub/ChocAnCIS376/CIS376Project/src/ProviderGUI/ChocoMemberIDController.java</file>
            <file>file:/C:/Users/Zaid%20Alsafi/Documents/GitHub/ChocAnCIS376/CIS376Project/src/ProviderGUI/VerificationFormGUIController.java</file>
            <file>file:/C:/Users/Zaid%20Alsafi/Documents/GitHub/ChocAnCIS376/CIS376Project/src/chocan/Provider.java</file>
            <file>file:/C:/Users/Zaid%20Alsafi/Documents/GitHub/ChocAnCIS376/CIS376Project/src/ManagerGUI/ManagerMMController.java</file>
            <file>file:/C:/Users/Zaid%20Alsafi/Documents/GitHub/ChocAnCIS376/CIS376Project/src/ProviderGUI/ChocoProviderMMController.java</file>
            <file>file:/C:/Users/Zaid%20Alsafi/Documents/GitHub/ChocAnCIS376/CIS376Project/src/chocan/ChocAn.java</file>
            <file>file:/C:/Users/Zaid%20Alsafi/Documents/GitHub/ChocAnCIS376/CIS376Project/src/chocan/Member.java</file>
            <file>file:/C:/Users/Zaid%20Alsafi/Documents/GitHub/ChocAnCIS376/CIS376Project/src/chocan/Session.java</file>
        </group>
    </open-files>
</project-private>
